Content,Video title,Video publish time,Duration,Subscribers gained,Subscribers lost,Likes,Dislikes,Likes (vs dislikes) (%),Shares,Comments added,Remix count,Remix views,Engaged views,Average view duration,Average percentage viewed (%),Stayed to watch (%),Hypes,Hype points,Views,Watch time (hours),Subscribers,Impressions,Impressions click-through rate (%)
VE6EZGr29NA,Chikiri 👌 Lyrics💀,"Nov 11, 2025",16.0,562,82,15593,670,95.88,157,69,11.0,6533.0,891614,0:00:15,98.03,67.24,0,0,1794814,4089.6655,480,10891,6.88
H6yMF28ZyQk,IBOMMA RAVI Case Solved!,"Nov 19, 2025",6.0,41,14,2365,82,96.65,13,15,,,155069,0:00:13,219.1,76.05,0,0,489865,589.3004,27,877,3.88
irfyNRSMh88,ME IN 2025,"Dec 3, 2025",12.0,10,0,141,6,95.92,5,0,,,14483,0:00:12,104.64,75.36,0,0,29662,52.825,10,476,3.57
NA2ZvoTvR6c,"If you can survive this, you can survive anything!","Dec 22, 2025",8.0,6,0,236,3,98.74,83,5,,,13960,0:00:09,118.19,74.36,0,0,29639,39.192,6,443,6.32
38KNroE0RcI,Daddy covering after hurting MOM 😅😂,"Dec 2, 2025",35.0,5,0,55,6,90.16,5,0,,,7420,0:00:24,70.31,57.63,0,0,15884,53.6322,5,554,1.08
GF8AlYrIgZU,ME checking SAM and CHAI wedding's' updates,"Dec 7, 2025",16.0,3,2,105,3,97.22,1,0,,,12429,0:00:16,103.05,68.19,0,0,28466,59.4373,1,455,4.4
_NHDRz_k2KE,FANS ❌ JOKERS 🤡,"Jan 11, 2026",7.0,2,0,93,1,98.94,0,2,,,12311,0:00:10,149.7,65.15,0,0,32516,39.356,2,191,9.95
N5mR2NJkOUk,DISTRACTION 💀,"Nov 12, 2025",18.0,2,0,38,0,100.0,0,1,,,924,0:00:14,81.95,58.01,0,0,1992,4.0631,2,1197,4.51
alXku3El7Hk,Paaapam raa..,"Jan 31, 2026",5.0,2,0,216,5,97.74,41,2,,,12440,0:00:09,188.08,70.4,0,0,34387,34.8431,2,83,19.28
ChDXs6Ctqck,Dad teaching math,"Oct 26, 2025",6.0,1,0,14,0,100.0,2,1,,,707,0:00:07,122.37,55.74,0,0,1733,1.6985,1,753,4.38
XkBlOMbgeQ8,Ante final ga meeru meru...,"Jan 30, 2026",6.0,1,0,34,2,94.44,2,1,,,2734,0:00:08,136.99,70.42,0,0,6893,6.8591,1,235,8.94
bp170Wr5GnE,My brother X THE GIRLFRIEND,"Nov 13, 2025",6.0,1,0,77,3,96.25,12,0,,,10187,0:00:09,158.5,73.62,0,0,24405,28.8406,1,1312,4.8
cTvHLshrjdc,INFLUENCER WIFE and INTROVERT HUSBAND!!,"Dec 9, 2025",9.0,1,0,23,1,95.83,0,1,,,649,0:00:17,197.41,48.72,0,0,1806,3.5582,1,394,3.3
hkfCmHSMT24,Chinnappudu marchipoyina bhoothulu gurthosthunnay 🤐,"Dec 5, 2025",12.0,1,0,56,4,93.33,2,1,,,12681,0:00:11,95.11,77.49,0,0,22437,42.1498,1,602,5.81
IH4cicw9rW8,Me watching AKHANDA 2 Thandavam,"Dec 13, 2025",4.0,1,0,10,0,100.0,2,3,,,375,0:00:07,181.31,32.84,0,0,1802,1.1523,1,453,4.19
e6Mcnq0eTio,My Level of DISTRACTION!!,"Nov 7, 2025",22.0,1,0,11,0,100.0,0,0,,,387,0:00:12,55.13,44.61,0,0,918,1.5294,1,1041,2.31
oEyyozqFjH0,Elevations **Expectations vs Reality**,"Oct 27, 2025",28.0,1,1,19,0,100.0,1,0,,,569,0:00:14,52.38,46.44,0,0,1335,2.5694,0,625,2.88
_4kgVoY11w0,Srivalli ki PUSHPA annamata 😉,"Jan 27, 2026",9.0,1,0,51,1,98.08,2,2,,,2079,0:00:11,123.86,50.5,0,0,5925,7.4347,1,126,13.49
coZHBwG5tjM,Evaroo thappipothe nakenti ee punishment 😭,"Jan 29, 2026",11.0,1,0,8,0,100.0,0,0,,,987,0:00:12,116.92,64.72,0,0,1917,3.8467,1,55,9.09
_7E_nOUN51w,Em basha andi idii..I genuinely want to know,"Dec 16, 2025",11.0,1,0,41,1,97.62,5,6,,,4608,0:00:14,127.42,77.55,0,0,9832,18.6348,1,443,4.51
OiG_Eo7599o,DOGs Meetings at MIDNIGHT!!,"Jan 6, 2026",17.0,1,1,27,2,93.1,0,2,,,1296,0:00:13,80.97,59.78,0,0,2749,5.3794,0,155,8.39
vVfhnbwoGik,2025 gave me❎ made me✅ a flower 🙂,"Jan 7, 2026",12.0,0,0,23,2,92.0,0,1,,,3234,0:00:10,90.52,75.59,0,0,6114,10.3409,0,166,9.04
3AvFpGRnXhA,My habit of drinking 💦 and washing 🌊,"Nov 24, 2025",6.0,0,0,19,3,86.36,0,0,,,497,0:00:07,129.15,53.36,0,0,1399,1.2392,0,490,3.88
EzTVg7m9_eo,When principal calls you into office room,"Nov 3, 2025",9.0,0,0,21,0,100.0,0,0,,,570,0:00:08,93.14,38.88,0,0,1714,1.8601,0,786,1.53
ygdTRPFCK88,When your sister is a foodie,"Nov 1, 2025",15.0,0,0,8,0,100.0,3,0,,,138,0:00:13,91.8,64.32,0,0,286,0.5564,0,691,1.88
TxsCcKGlVII,My MOM giving me BOOST saying its COFFEE,"Nov 28, 2025",6.0,0,0,7,0,100.0,0,0,,,36,0:00:07,127.48,54.69,0,0,94,0.0877,0,478,3.14
dXS4rJYVaVA,Shorts but lots 🙆‍♂🤦‍♂,"Nov 28, 2025",6.0,0,0,14,0,100.0,1,0,,,486,0:00:07,130.17,45.88,0,0,1474,1.3114,0,405,1.73
1qhWOnfk39A,A SLAP to all the toxic men,"Nov 17, 2025",6.0,0,0,14,0,100.0,0,0,,,377,0:00:08,143.85,63.51,0,0,985,1.0058,0,820,3.78
Y-irZlD0LOU,Just TOLLYWOOD things!!,"Nov 8, 2025",9.0,0,0,23,0,100.0,0,0,,,614,0:00:11,122.87,53.05,0,0,1731,2.1302,0,1062,1.69
tHd3NJ9mk24,THEN vs NOW #historyrepeatsitself,"Jan 8, 2026",6.0,0,0,25,1,96.15,0,0,,,1576,0:00:09,153.55,65.67,0,0,4331,4.4385,0,151,9.93
HwIgSYM_VQE,WINTER NIGHTS 😭🚽💦,"Dec 12, 2025",27.0,0,0,44,0,100.0,3,0,,,1879,0:00:12,44.97,69.61,0,0,2941,6.7817,0,386,2.85
tBSXt1QsVSk,POV MY BED 🥱,"Nov 25, 2025",6.0,0,0,32,0,100.0,1,0,,,1124,0:00:08,147.39,69.0,0,0,2900,3.0207,0,503,1.79
6JP47bg_qiY,My Internal organs after getting cheated..,"Nov 15, 2025",4.0,0,0,18,1,94.74,2,0,,,359,0:00:06,164.4,30.93,0,0,1805,1.0607,0,884,2.15
DHBtk726vp4,My brothers position when I drive 👀,"Nov 6, 2025",4.0,0,0,13,1,92.86,0,0,,,573,0:00:06,174.15,39.92,0,0,2292,1.5041,0,941,2.23
Fs3Z45Wjofo,Indian Serial Logic..,"Jan 13, 2026",10.0,0,0,4,0,100.0,0,0,,,476,0:00:10,101.76,61.74,0,0,1070,1.4877,0,121,4.96
jG1IX_O1wqc,Pimples and Periods #girlsproblems,"Oct 29, 2025",6.0,0,0,29,1,96.67,6,2,,,3312,0:00:12,210.76,80.75,0,0,7966,11.9974,0,553,11.39
w9hOlbBrurE,I am an ANIMAL when I am HUNGRY!!,"Feb 2, 2026",9.0,0,0,44,1,97.78,13,2,,,2493,0:00:09,101.46,63.61,0,0,5522,7.1149,0,72,23.61
pdEbFAGTJOY,Hypocrisy peaksss,"Oct 28, 2025",30.0,0,0,7,0,100.0,2,0,,,52,0:00:20,69.45,49.02,0,0,142,0.3247,0,459,1.96
TvEze4Hui0M,MOM shouting GREATER THAN silence,"Dec 14, 2025",8.0,0,0,9,1,90.0,0,0,,,351,0:00:08,103.58,47.56,0,0,881,1.026,0,365,4.38
edVEtEc6GcU,Cheyyalaa,"Dec 31, 2025",3.0,0,0,6,0,100.0,0,1,,,25,0:00:06,205.15,54.35,0,0,91,0.0542,0,191,5.24
D2vfeYqeXlM,How many times will she come? 🤔,"Oct 30, 2025",12.0,0,0,4,0,100.0,0,0,,,45,0:00:12,101.64,44.12,0,0,135,0.175,0,514,2.53
FnFMgSgxbKc,Disrespect ❎ No Respect ✅,"Oct 31, 2025",9.0,0,0,10,1,90.91,2,0,,,758,0:00:08,93.35,58.8,0,0,1657,1.9994,0,635,3.31
kMXo92RNzcU,TELUSU KADA LITE Srujana Version😂,"Dec 4, 2025",11.0,0,0,13,0,100.0,0,0,,,346,0:00:08,73.82,39.98,0,0,919,1.056,0,455,3.52
J9hoNWzomOQ,DON'T miss the girls reaction!,"Oct 30, 2025",22.0,0,0,6,0,100.0,0,0,,,42,0:00:19,90.75,43.96,0,0,117,0.2544,0,533,1.88
hn85UXF5s2M,When you hit your head,"Nov 20, 2025",5.0,0,0,11,0,100.0,0,1,,,377,0:00:06,132.04,45.14,0,0,1185,0.9649,0,548,2.92
NPWYAjsdmRM,My LAST BRAIN CELL when I try to motivate..☠️😅,"Nov 23, 2025",6.0,0,0,12,0,100.0,1,1,,,372,0:00:08,142.28,42.87,0,0,1203,1.124,0,503,3.38
Mi5AdbCB1Eg,Raaja saab frustration!!,"Jan 10, 2026",6.0,0,0,17,0,100.0,0,2,,,565,0:00:07,127.2,40.13,0,0,1871,1.6266,0,153,7.84
TUpEm29XCk0,When I see couples on yt/insta..,"Jan 12, 2026",5.0,0,0,28,0,100.0,2,1,,,607,0:00:07,143.25,40.33,0,0,2058,1.7097,0,113,10.62
Djd_UENZNfs,Stay hydrated 💧 Stay out of drama 👀,"Nov 10, 2025",6.0,0,0,36,0,100.0,1,0,,,648,0:00:06,115.07,39.09,0,0,2092,1.6247,0,1175,1.36
wUB2I83SRjM,Senior👽 VS Junior🤖,"Nov 21, 2025",16.0,0,0,9,1,90.0,0,1,,,711,0:00:13,83.68,56.75,0,0,1558,2.9073,0,565,3.36
2VN_GVZS59U,Bathroom lo singer nidralestadu.!!,"Jan 14, 2026",5.0,0,0,6,0,100.0,2,2,,,553,0:00:07,148.7,48.42,0,0,1666,1.4681,0,97,13.4
rbzq1IKxjTg,BOB Mode ❎ GOD Mode ✅,"Nov 16, 2025",11.0,0,0,38,0,100.0,0,0,,,648,0:00:10,96.29,50.12,0,0,1607,2.22,0,894,3.69
R_r1dkfSh-I,Unemployed me in WINTER 🥱😴,"Dec 8, 2025",11.0,0,0,6,0,100.0,0,1,,,30,0:00:33,306.84,56.0,0,0,77,0.288,0,387,2.84
KS5KxdGNgvk,how I react VS how I want to react,"Nov 5, 2025",12.0,0,0,24,0,100.0,0,0,,,462,0:00:10,84.62,39.25,0,0,1347,1.6382,0,854,2.22
fxOC0MO3L-g,Pan India No 1 SONG ❎ AD ✅,"Dec 11, 2025",16.0,0,0,18,2,90.0,0,1,,,1550,0:00:12,76.46,67.19,0,0,2721,5.6885,0,556,3.24
JFYNVSdCiFY,When you are unemployed but so is your relatives kid..,"Dec 26, 2025",6.0,0,0,16,0,100.0,1,2,,,876,0:00:07,126.4,61.55,0,0,2255,2.0903,0,239,4.6
71kyrvc9V4U,Loose pant but Mass dance 👖😅🔥,"Nov 14, 2025",8.0,0,0,9,0,100.0,0,0,,,82,0:00:13,171.38,59.09,0,0,231,0.3374,0,959,3.44
JKPbX9_Q8qo,Indian girls reaction to marriage - PART 1,"Dec 21, 2025",8.0,0,0,15,0,100.0,1,2,,,753,0:00:08,112.0,39.72,0,0,2269,2.3573,0,780,3.59
Fc1mf_Rn7_Q,Jab I cook..😭,"Nov 22, 2025",6.0,0,0,15,0,100.0,1,2,,,432,0:00:07,126.52,52.08,0,0,1264,1.0931,0,568,3.87
GSWZSWb5pkg,One problem to another,"Nov 9, 2025",7.0,0,0,15,0,100.0,0,0,,,726,0:00:07,110.77,54.92,0,0,1792,1.9169,0,1104,1.18
